"Criterio","Número Videos"
"allintitle:zapato a","19"
"allintitle:zapato a bush","0"
"allintitle:zapato a la cabeza","0"
"allintitle:zapato azule","20"
"allintitle:zapato agujereado","1"
"allintitle:zapato antony santos","0"
"allintitle:zapato azul o rosa","0"
"allintitle:zapato artesanal","0"
"allintitle:zapato a crochet para bebe","0"
"allintitle:zapato a su zapatero pelicula completa en español","0"
"allintitle:zapato a crochet de bebe","0"
"allintitle:zapato asmr","0"
"allintitle:zapato a crochet","0"
"allintitle:zapato a crochet para dama","0"
"allintitle:zapato andrea 2020","0"
"allintitle:zapato b","1"
"allintitle:zapato bush","1"
"allintitle:zapato blanco zapato azul","1"
"allintitle:zapato blucher","10"
"allintitle:zapato burgundy","2"
"allintitle:zapato best of web 1","0"
"allintitle:zapato bostoniano","7"
"allintitle:zapato bebe","0"
"allintitle:zapato bostoniano canada","0"
"allintitle:zapato beiras","0"
"allintitle:zapato bebe crochet","2"
"allintitle:zapato blanco","20"
"allintitle:zapato bostoniano hombre","0"
"allintitle:zapato bordado de seda te voy a comprar","0"
"allintitle:zapato bebe dos agujas","0"
"allintitle:zapato c","1"
"allintitle:zapato comiendo papas","4"
"allintitle:zapato con suela video","0"
"allintitle:zapato cancion","0"
"allintitle:zapato cumbia","4"
"allintitle:zapato con hambre","16"
"allintitle:zapato camara","0"
"allintitle:zapato combi","0"
"allintitle:zapato crochet bebe","0"
"allintitle:zapato crochet","20"
"allintitle:zapato colorado","0"
"allintitle:zapato crochet adulto","1"
"allintitle:zapato cklass 2020","0"
"allintitle:zapato crochet dama","0"
"allintitle:zapato caterpillar para hombre","0"
"allintitle:zapato d","9"
"allintitle:zapato de tacon","20"
"allintitle:zapato de manacho","1"
"allintitle:zapato de tacon alexis valdes","0"
"allintitle:zapato de bebe a crochet paso a paso en español","0"
"allintitle:zapato de mediasuela antonio aguilar","0"
"allintitle:zapato de un astro del baloncesto","1"
"allintitle:zapato del barco vans","0"
"allintitle:zapato de cristal","0"
"allintitle:zapato de bailarín","0"
"allintitle:zapato de moda 2020","0"
"allintitle:zapato de mi viejo","1"
"allintitle:zapato de raso bordado de seda te voy a comprar","0"
"allintitle:zapato dance","1"
"allintitle:zapato de guerre extra musica","0"
"allintitle:zapato e","12"
"allintitle:zapata el sueño del heroe pelicula completa","0"
"allintitle:zapata escalonada","0"
"allintitle:zapato encabronado","0"
"allintitle:zapata emiliano","13"
"allintitle:zapata en chinameca pelicula completa","0"
"allintitle:zapata elementary school","1"
"allintitle:zapata ezfly","11"
"allintitle:zapata el fido","25"
"allintitle:zapata el sueño del heroe","0"
"allintitle:zapata el sueño del heroe trailer","0"
"allintitle:zapata english channel","1"
"allintitle:zapata espinoza","20"
"allintitle:zapata e reade","0"
"allintitle:zapata emelec","0"
"allintitle:zapato f","0"
"allintitle:zapato formal","4"
"allintitle:zapato fino","20"
"allintitle:zapato ferragamo","0"
"allintitle:zapato fino cueca","0"
"allintitle:zapato feroz","17"
"allintitle:zapato flexi de mujer","0"
"allintitle:zapato fila","1"
"allintitle:zapato fino embajadores","0"
"allintitle:zapato flexi para caballero","0"
"allintitle:zapato flexi","5"
"allintitle:zapato feo","5"
"allintitle:zapato fila original","0"
"allintitle:zapato fofucha","2"
"allintitle:zapato franco cuadra","0"
"allintitle:zapato g","0"
"allintitle:zapato gucci","1"
"allintitle:zapato gris o rosa explicacion","0"
"allintitle:zapato gris con verde o rosado con blanco","0"
"allintitle:zapato gregoria perez","0"
"allintitle:zapato gris o rosa","0"
"allintitle:zapato grande","0"
"allintitle:zapato george bush","0"
"allintitle:zapato grande racing team","1"
"allintitle:zapato grande solucion","0"
"allintitle:zapato grande piques","0"
"allintitle:zapato goma eva patron","0"
"allintitle:zapato gigante","20"
"allintitle:zapato gta 5","0"
"allintitle:zapato guante","0"
"allintitle:zapato h","0"
"allintitle:zapato huarache","2"
"allintitle:zapato huarache huapango","0"
"allintitle:zapato huevocartoon","0"
"allintitle:zapato hecho a mano","3"
"allintitle:zapato huarache atrabancado","0"
"allintitle:zapato huapango","0"
"allintitle:zapato hombre","14"
"allintitle:zapato hecho de carton","0"
"allintitle:zapato ha ash","0"
"allintitle:zapato hermana","0"
"allintitle:zapato hush puppies","0"
"allintitle:zapato huaso","0"
"allintitle:zapato hip hop","0"
"allintitle:zapato humano","1"
"allintitle:zapato i","6"
"allintitle:zapato italiano corrido","0"
"allintitle:zapato in english","0"
"allintitle:zapato izquierdo","20"
"allintitle:zapato industrial","2"
"allintitle:zapato indestructible","1"
"allintitle:zapato italiano relleno","0"
"allintitle:zapato inteligente","4"
"allintitle:zapato impermeable","3"
"allintitle:zapato industrial puma","0"
"allintitle:zapato industrial riverland","0"
"allintitle:zapato indio","0"
"allintitle:zapato incorrecto","2"
"allintitle:zapato italiano al horno","0"
"allintitle:zapato impresora 3d","0"
"allintitle:zapato j","0"
"allintitle:zapato jordan","3"
"allintitle:zapato joyero","16"
"allintitle:zapato jordan original","0"
"allintitle:zapato jordan 2020","0"
"allintitle:zapato japones","0"
"allintitle:zapato juego","1"
"allintitle:zapato juyayay","0"
"allintitle:zapato juanete","0"
"allintitle:zapato jarman","0"
"allintitle:zapato joyero goma eva","0"
"allintitle:zapato japones de madera","0"
"allintitle:zapato justo o grande","0"
"allintitle:zapato juguete matchbox","0"
"allintitle:zapato jean pierre","0"
"allintitle:zapato k","0"
"allintitle:zapato kalandraka","2"
"allintitle:zapato kinjal dave","0"
"allintitle:zapato kimono bebe","0"
"allintitle:zapato kalandraka cantado","0"
"allintitle:zapato kamikaze hola soy german","0"
"allintitle:zapato kimono","1"
"allintitle:zapato kruschev","0"
"allintitle:zapato kinder","0"
"allintitle:zapato kobe bryant","0"
"allintitle:karaoke zapato 3","2"
"allintitle:karaoke zapato roto","0"
"allintitle:kara zapatos","0"
"allintitle:koris zapato viejo","0"
"allintitle:kjarkas zapato de cristal","0"
"allintitle:zapato l","0"
"allintitle:zapateo loco","20"
"allintitle:zapateo love","4"
"allintitle:zapateo loco sebastian","1"
"allintitle:zapateo llanero","4"
"allintitle:zapateo loco sebastián tobon // aleteo","0"
"allintitle:zapateo loco 8d","0"
"allintitle:zapateo loco guaracha","1"
"allintitle:zapato louis vuitton","1"
"allintitle:zapato louis vuitton remmy","0"
"allintitle:zapateo leo brouwer","1"
"allintitle:zapateo loco mix","0"
"allintitle:zapateo loco pablo escobar","0"
"allintitle:zapateo la pantera rosa","0"
"allintitle:zapateo loco aleteo","2"
"allintitle:zapato m","1"
"allintitle:zapato mexicano","0"
"allintitle:zapato mocho","18"
"allintitle:zapato mocho el mexicano","0"
"allintitle:zapato meaning","0"
"allintitle:zapato mocho banda el mexicano","0"
"allintitle:zapato mel","15"
"allintitle:zapato mocasin","5"
"allintitle:zapato mc","16"
"allintitle:zapato muñeca amigurumi","0"
"allintitle:zapato mocho leyenda ranchera","0"
"allintitle:zapato mocasin para hombre","0"
"allintitle:zapato mascota","0"
"allintitle:zapato más rápido del mundo","0"
"allintitle:zapato mejorado","0"
"allintitle:zapato n","0"
"allintitle:zapato nike","11"
"allintitle:zapato negro","0"
"allintitle:zapato nuevo wil campa","0"
"allintitle:zapato nuevo","19"
"allintitle:zapato nike original","1"
"allintitle:zapato nuevo me molesta","0"
"allintitle:zapato niña crochet","0"
"allintitle:zapato niño","5"
"allintitle:zapato no está pasando por aquí","0"
"allintitle:zapato nay","0"
"allintitle:zapato nuevo me lastima","0"
"allintitle:zapato nike 2020","0"
"allintitle:zapato nuevo tunantada","0"
"allintitle:zapato norteño","0"
"allintitle:zapato o","20"
"allintitle:zapato ortopedico la excepcion","0"
"allintitle:zapato ortopedico para niña","0"
"allintitle:zapato ortopedico para niño","0"
"allintitle:zapato ortopédico para bebé","0"
"allintitle:zapato oxford hombre","0"
"allintitle:zapato origami","0"
"allintitle:zapato ortopedico para mujer","0"
"allintitle:zapato ortopedico para pierna mas corta","0"
"allintitle:zapato ortopedico la excepcion letra","0"
"allintitle:zapato ortopedico para adulto","0"
"allintitle:zapato o roto","0"
"allintitle:zapato oxford","0"
"allintitle:zapato ortopedico niño","0"
"allintitle:zapato oxford mujer","0"
"allintitle:zapato p","0"
"allintitle:zapato pisado antonio aguilar","1"
"allintitle:zapato power freddie ramos takes off","0"
"allintitle:zapato power","20"
"allintitle:zapato papo","2"
"allintitle:zapato pronunciacion","0"
"allintitle:zapato para bebe a crochet paso a paso","0"
"allintitle:zapato pronounce","0"
"allintitle:zapato psych","0"
"allintitle:zapato power series","0"
"allintitle:zapato para dibujar facil","0"
"allintitle:zapato postoperatorio","0"
"allintitle:zapato pronunciation","0"
"allintitle:zapatos perestroika","4"
"allintitle:zapato para dibujar","0"
"allintitle:zapato q","5"
"allintitle:zapato que me quito no me lo vuelvo a poner","0"
"allintitle:zapato que yo no uso lo tiro al basurero","0"
"allintitle:zapato que me quito elysanij","0"
"allintitle:zapato que me quito","6"
"allintitle:zapato que yo desecho no me lo vuelvo a poner","0"
"allintitle:zapato que no uso lo tiro al basurero","0"
"allintitle:zapato que me quito no me vuelvo a poner","0"
"allintitle:zapato que se ve de dos colores","0"
"allintitle:zapato que cambia de color","0"
"allintitle:zapato que come papitas","0"
"allintitle:zapato quirúrgico","2"
"allintitle:zapato que tiene superpoderes","0"
"allintitle:zapato que habla","19"
"allintitle:zapato quirurgico desechable","0"
"allintitle:zapato r","0"
"allintitle:zapato roto","21"
"allintitle:zapato roto tango","0"
"allintitle:zapato roto karaoke","1"
"allintitle:zapato rojo","20"
"allintitle:zapato roto con esa facha a donde vas","0"
"allintitle:zapatos rotos enrique rodriguez","1"
"allintitle:zapatos rojos y los 7 enanitos pelicula completa en español","0"
"allintitle:zapatos rojos y los 7 enanitos trailer","1"
"allintitle:zapatos rotos ricardo fuentes","0"
"allintitle:zapatos rotos los naufragos","1"
"allintitle:zapatos raros de wish","0"
"allintitle:zapatos raros","19"
"allintitle:zapatos rotos fox","1"
"allintitle:zapatos rotos baile","0"
"allintitle:zapato s","4"
"allintitle:zapato se queda","0"
"allintitle:zapato sin cristal","1"
"allintitle:zapato sucia escena","8"
"allintitle:zapato submarino los destrampados","0"
"allintitle:separacion zapato 3","1"
"allintitle:zapato con suela video","0"
"allintitle:zapato a su zapatero","0"
"allintitle:zapato 3 vuelo sobre ti","0"
"allintitle:rompe zapato salay","0"
"allintitle:zapato t","0"
"allintitle:zapato tres","6"
"allintitle:zapato tejido a crochet paso a paso","0"
"allintitle:zapato tres pantaletas","0"
"allintitle:zapato tres vampiro","0"
"allintitle:zapato tik tok","1"
"allintitle:zapato telefono broma","0"
"allintitle:zapato the tiger","0"
"allintitle:zapato tres entrada de bala","0"
"allintitle:zapato tres canciones","0"
"allintitle:zapata tacos","2"
"allintitle:zapato telefono didac ribot","0"
"allintitle:zapato to roto","0"
"allintitle:zapato tejido","19"
"allintitle:zapato tejido para bebe","2"
"allintitle:zapato u","0"
"allintitle:zapato usado antonio aguilar","0"
"allintitle:zapato usado","0"
"allintitle:zapato uñas asesinas","0"
"allintitle:zapato under armour","0"
"allintitle:zapato ungido","2"
"allintitle:un zapato de tacon","6"
"allintitle:un zapato consuelo","1"
"allintitle:un zapato","20"
"allintitle:zapato de un astro del baloncesto","1"
"allintitle:zapato 3 ultima cruzada","14"
"allintitle:zapato 3 uñas asesinas mtv","0"
"allintitle:zapato 3 como un fantasma","3"
"allintitle:dibujar un zapato facil","0"
"allintitle:zapato 3 es un vampiro","0"
"allintitle:zapato v","2"
"allintitle:zapato viejo","20"
"allintitle:zapato viejo manu chao","1"
"allintitle:zapato viejo oscar de leon","3"
"allintitle:zapato veloz","21"
"allintitle:zapato veloz tractor amarillo","1"
"allintitle:zapato veloz tractor amarillo video original","0"
"allintitle:zapato veloz tribu comanche","0"
"allintitle:zapato viejo antony santos","0"
"allintitle:zapato viejo gloria trevi","0"
"allintitle:zapato vakero","0"
"allintitle:zapato veloz woman mona","0"
"allintitle:zapato viejo antonio aguilar","0"
"allintitle:zapatos vagabundo canada","0"
"allintitle:zapato w","0"
"allintitle:zapato wish","0"
"allintitle:zapato woodward","0"
"allintitle:zapato weinbrenner","0"
"allintitle:pepe wonderful zapato de tacon","0"
"allintitle:zapato best of web 1","0"
"allintitle:zapato veloz woman mona","0"
"allintitle:zapato nuevo wil campa","0"
"allintitle:wistu zapato","1"
"allintitle:wiwiriski zapato volador","0"
"allintitle:wishto zapato","3"
"allintitle:el zapato wally","0"
"allintitle:zapato veloz wonderbra","0"
"allintitle:zapatero tu zapato wwe","0"
"allintitle:zion williamson zapato roto","0"
"allintitle:zapato x","1"
"allintitle:zapato xiaomi","0"
"allintitle:zapato xd","19"
"allintitle:xanax zapato 3","0"
"allintitle:me llamo zapato xd","0"
"allintitle:zapato y","20"
"allintitle:zapato y cartera","21"
"allintitle:zapato y lo tonto","0"
"allintitle:zapato y agujeta padre de familia","0"
"allintitle:zapato y cartera letra","0"
"allintitle:zapato y cordon","1"
"allintitle:zapato y brazalete","1"
"allintitle:zapato y cordon castilla","0"
"allintitle:zapato yeezy","1"
"allintitle:zapato y brazalete baby tv","1"
"allintitle:zapato y tacon","0"
"allintitle:zapato y cordon efecte papallona","0"
"allintitle:zapato yola polastri","0"
"allintitle:zapato y canela","0"
"allintitle:zapateo y aleteo","20"
"allintitle:zapato z","2"
"allintitle:zapato zumba","0"
"allintitle:zapato zapatero","1"
"allintitle:zapato a su zapatero pelicula completa en español","0"
"allintitle:zapato a su zapatero","0"
"allintitle:zapato a tu zapatero pelicula completa en español","0"
